texture_se,area_se,smoothness_se,concavity_se,concavity_worst
0.9053,153.4,0.006399,0.05373,0.7119
0.7339,74.08,0.005225,0.0186,0.2416
0.7869,94.03,0.00615,0.03832,0.4504
1.156,27.23,0.00911,0.05661,0.6869
0.7813,94.44,0.01149,0.05688,0.4
0.8902,27.19,0.00751,0.03672,0.5355
0.7732,53.91,0.004314,0.02254,0.3784
1.377,50.96,0.008805,0.02488,0.2678
1.002,24.32,0.005731,0.03553,0.539
1.599,23.94,0.007149,0.07743,1.105
1.187,40.51,0.004029,0.01101,0.1459
0.9849,54.16,0.005771,0.02791,0.3965
3.568,116.2,0.003139,0.0889,0.3639
1.078,36.58,0.009769,0.05051,0.2322
1.169,19.21,0.006429,0.05501,0.6943
1.033,32.55,0.005607,0.04741,0.7026
1.24,45.4,0.005718,0.01998,0.2914
1.073,54.18,0.007026,0.03188,0.4784
1.017,112.4,0.006494,0.03391,0.5372
0.7886,23.56,0.008462,0.02387,0.239
0.7477,14.67,0.004097,0.01698,0.189
0.9768,15.7,0.009606,0.01985,0.08867
0.7096,44.91,0.006789,0.06446,0.6305
1.127,93.99,0.004728,0.01715,0.3155
0.9017,102.6,0.006048,0.02741,0.4695
0.976,111.4,0.008029,0.03732,0.3853
0.9832,21.05,0.004452,0.02681,0.5539
1.849,93.54,0.01075,0.05081,0.3446
1.012,43.5,0.005233,0.03576,0.6335
0.8225,61.1,0.005627,0.03407,0.2489
1.466,105.0,0.006248,0.05196,0.6133
1.03,41.0,0.005551,0.04205,0.6956
1.398,67.78,0.008268,0.05042,0.5588
0.6062,68.17,0.005015,0.03497,0.6091
0.6857,35.03,0.004185,0.02664,0.5274
0.9197,45.19,0.005776,0.03695,0.5409
1.019,24.91,0.005878,0.04815,0.5186
2.342,14.16,0.004352,0.01343,0.04833
2.188,106.0,0.006883,0.01818,0.02398
0.5914,18.52,0.005367,0.03049,0.503
0.8265,20.53,0.00328,0.0139,0.2085
1.428,16.97,0.008064,0.02595,0.4023
1.666,104.9,0.006548,0.09723,0.7242
0.8249,31.33,0.005072,0.02185,0.3664
0.6123,14.49,0.00335,0.01452,0.3728
0.6633,71.56,0.006294,0.05554,0.7345
0.9567,8.205,0.008968,0.01588,0.0688
0.8937,24.25,0.006532,0.02905,0.5006
0.7294,19.87,0.005488,0.02322,0.305
1.353,20.2,0.004455,0.02095,0.2282
1.21,28.47,0.005857,0.01168,0.05523
0.9234,14.55,0.004477,0.01079,0.105
0.6329,17.47,0.00721,0.01311,0.09203
1.593,98.81,0.003899,0.02817,0.2623
0.8339,29.91,0.004675,0.01603,0.2712
0.9591,23.47,0.008328,0.01349,0.09076
1.193,102.5,0.006458,0.02945,0.3879
1.15,40.09,0.003659,0.02572,0.3587
1.214,32.96,0.007491,0.000692,0.001845
0.5796,8.322,0.01011,0.01981,0.1168
1.441,34.62,0.007514,0.007665,0.02168
2.067,18.39,0.01193,0.03,0.09001
1.268,60.78,0.009407,0.06899,0.6922
2.265,23.52,0.008738,0.04312,0.1397
1.178,36.46,0.007781,0.02973,0.4024
1.281,35.24,0.006703,0.02315,0.3024
2.011,14.2,0.01052,0.01714,0.09412
0.9429,18.15,0.009282,0.02063,0.1444
1.194,17.67,0.009549,0.3038,1.252
0.8732,18.33,0.007962,0.01585,0.1039
0.7975,96.05,0.004444,0.02269,0.2687
0.8522,25.44,0.01721,0.05671,0.1434
1.041,69.47,0.00582,0.04252,0.6566
0.6205,23.35,0.004717,0.01759,0.2779
1.025,19.68,0.004854,0.01826,0.1703
1.016,79.25,0.01082,0.035,0.2829
1.014,32.65,0.0134,0.01162,0.08539
0.5505,134.8,0.00794,0.04658,0.3786
1.885,116.4,0.01038,0.1091,0.7681
1.095,20.35,0.005293,0.02071,0.1731
2.174,24.62,0.01037,0.02586,0.1755
1.016,12.96,0.006794,0.0398,0.4858
1.474,120.0,0.008166,0.0573,0.6476
2.91,67.1,0.007545,0.02134,0.2432
1.255,16.16,0.005969,0.02007,0.2267
1.475,80.6,0.006471,0.02806,0.3157
2.22,38.87,0.009369,0.05371,0.3349
0.6636,57.65,0.003872,0.0371,0.5755
1.502,20.95,0.007112,0.02703,0.2434
0.7372,42.76,0.005508,0.04436,0.2604
1.111,33.76,0.004868,0.01121,0.09189
0.8413,29.44,0.009882,0.04531,0.2846
1.153,36.35,0.004481,0.01358,0.135
1.373,25.22,0.005884,0.01872,0.1381
0.9644,47.14,0.00925,0.04867,0.5203
1.509,87.87,0.006016,0.04232,0.4098
1.511,24.44,0.005433,0.01131,0.0498
2.043,20.05,0.01113,0.005308,0.02049
0.5391,15.75,0.006153,0.01693,0.1922
1.851,26.85,0.008005,0.03321,0.3194
1.29,43.14,0.005872,0.02647,0.3169
1.508,9.833,0.01019,0.0,0.0
1.571,14.68,0.00508,0.01069,0.1145
1.222,11.77,0.009058,0.03029,0.2644
1.534,23.13,0.007595,0.0288,0.07987
0.9238,34.66,0.007162,0.05473,0.6376
1.657,20.62,0.00854,0.02945,0.2873
0.8944,9.227,0.003457,0.01167,0.1937
1.545,170.0,0.006515,0.104,0.9608
0.9861,16.41,0.009113,0.02443,0.312
1.424,22.87,0.01385,0.02722,0.13
1.803,20.48,0.01291,0.05101,0.2216
1.49,29.25,0.005298,0.1435,0.6783
1.86,19.91,0.01188,0.04591,0.1295
0.5864,8.966,0.008261,0.03259,0.2456
0.9227,24.79,0.007803,0.01835,0.1503
0.9789,16.94,0.01835,0.09263,0.1544
0.9489,41.18,0.006985,0.03011,0.4704
1.072,58.63,0.008699,0.0595,0.7356
1.214,54.04,0.004024,0.02291,0.2249
0.4607,10.5,0.00604,0.01514,0.2102
1.581,90.47,0.008102,0.03342,0.3272
3.12,233.0,0.02333,0.1278,0.5803
0.857,24.19,0.003818,0.02882,0.256
1.14,14.66,0.005919,0.04957,0.3308
0.8561,17.91,0.004599,0.009127,0.08115
1.005,19.83,0.004088,0.01796,0.3796
1.342,81.23,0.004428,0.0404,0.3207
1.068,39.84,0.009006,0.03204,0.196
1.199,63.33,0.005033,0.04755,0.5673
0.8163,15.24,0.006773,0.01018,0.09915
0.7859,48.31,0.00624,0.02813,0.3791
1.265,43.68,0.004877,0.02219,0.2992
0.8155,27.94,0.005217,0.01678,0.1709
1.202,68.35,0.006001,0.02855,0.3965
1.38,19.87,0.007499,0.02332,0.2177
2.508,34.37,0.006578,0.02662,0.1046
0.9938,12.67,0.005133,0.01434,0.1399
1.452,101.9,0.01,0.06577,0.3355
1.343,26.33,0.01127,0.02187,0.08669
0.496,12.26,0.00604,0.0,0.0
1.332,74.08,0.00677,0.03067,0.2802
1.908,21.38,0.006664,0.01158,0.07708
0.7712,16.64,0.005324,0.0151,0.209
1.239,17.74,0.006547,0.02018,0.09755
0.6538,25.03,0.01017,0.02789,0.0942
1.426,24.72,0.005427,0.04649,0.4504
1.909,39.43,0.00579,0.05303,0.25
0.7394,21.2,0.005706,0.03114,0.3103
0.7574,21.47,0.002838,0.0178,0.1564
1.322,34.78,0.007017,0.01949,0.08112
1.962,10.21,0.01243,0.07753,0.5381
2.664,49.85,0.01097,0.396,0.8216
0.7815,15.48,0.009019,0.01196,0.07116
0.7927,22.79,0.008584,0.03047,0.3009
0.9823,16.51,0.005518,0.01994,0.1943
1.4,93.91,0.009037,0.05206,0.3583
2.06,46.61,0.003443,0.03056,0.1882
0.7285,13.25,0.005528,0.008342,0.08636
0.7614,18.54,0.006142,0.001835,0.01854
1.693,38.34,0.009433,0.04167,0.1956
0.6336,119.3,0.009406,0.04344,0.2264
1.048,97.07,0.004057,0.04029,0.681
1.656,21.55,0.01134,0.03125,0.1688
0.8561,97.85,0.00491,0.02822,0.3948
1.065,16.64,0.003634,0.008268,0.0775
0.4064,11.48,0.007809,0.01099,0.1047
1.391,67.34,0.006123,0.02626,0.2318
1.41,122.3,0.006174,0.04644,0.489
1.217,24.28,0.00508,0.007276,0.06648
0.6656,17.43,0.008045,0.01683,0.1242
1.147,43.4,0.006003,0.02151,0.2644
0.6583,44.64,0.005393,0.04303,0.583
1.805,19.08,0.01496,0.01453,0.03938
1.925,21.98,0.008713,0.0,0.0
0.7873,11.36,0.009172,0.0,0.0
2.261,27.48,0.01286,0.1197,0.3486
1.284,31.59,0.006627,0.05371,0.5862
1.142,14.34,0.003418,0.001595,0.007977
0.9899,21.79,0.008534,0.00618,0.02758
1.481,128.7,0.004631,0.03109,0.534
0.7629,81.46,0.004253,0.03872,0.678
1.15,40.98,0.004626,0.01954,0.2902
1.108,22.77,0.007356,0.05915,0.1648
0.4956,19.53,0.00329,0.01774,0.363
1.268,26.43,0.01439,0.001597,0.00692
0.4757,28.92,0.002866,0.01412,0.3538
0.7655,17.86,0.006905,0.01978,0.1521
1.926,14.47,0.007831,0.01556,0.08803
0.8355,18.32,0.005996,0.02117,0.1423
2.11,31.72,0.00797,0.1166,0.8488
1.748,53.65,0.004571,0.02176,0.05186
4.885,21.69,0.001713,0.0,0.0
1.809,34.44,0.009098,0.03763,0.4425
0.9622,25.2,0.008081,0.05551,0.4589
0.9086,15.75,0.005298,0.02321,0.1764
2.112,49.7,0.0138,0.04665,0.3809
1.305,76.36,0.00553,0.0611,0.2535
1.073,54.22,0.005524,0.02706,0.3865
0.6509,19.42,0.004044,0.02,0.4967
1.326,27.24,0.007514,0.01401,0.1377
0.8282,40.73,0.00609,0.02713,0.3508
1.56,83.16,0.009327,0.08958,0.7892
1.93,52.72,0.008824,0.03112,0.4646
1.044,30.29,0.006953,0.02701,0.2671
0.3621,26.44,0.005472,0.02039,0.3327
1.342,12.33,0.009719,0.007975,0.06213
0.8554,68.46,0.005038,0.01946,0.1932
0.9223,15.09,0.005251,0.02526,0.3162
0.3628,20.0,0.004291,0.01841,0.2962
1.48,111.7,0.008124,0.05489,0.3861
0.8652,17.12,0.005517,0.02045,0.1471
1.476,525.6,0.01345,0.06389,0.3201
1.667,58.53,0.03113,0.1438,0.2803
1.845,31.0,0.01088,0.03688,0.3744
1.194,22.69,0.00596,0.03909,0.4636
1.563,21.46,0.008872,0.05946,0.2806
1.922,22.79,0.00468,0.05774,0.1925
1.186,124.4,0.006804,0.03446,0.3617
1.321,109.9,0.005539,0.02664,0.3995
0.4336,17.4,0.004133,0.01652,0.1759
0.4981,21.03,0.005851,0.02544,0.2577
1.217,15.05,0.007899,0.008534,0.06572
0.9209,32.19,0.004766,0.02384,0.3976
0.8907,24.68,0.006032,0.02259,0.1786
0.8121,48.29,0.007089,0.0236,0.1632
0.9027,11.86,0.006513,0.002817,0.02639
0.4966,19.88,0.004119,0.03644,0.3402
1.066,18.51,0.005169,0.03016,0.3911
1.069,25.13,0.006983,0.04683,0.6282
0.679,31.98,0.005532,0.03055,0.5018
0.8927,8.605,0.003653,0.01633,0.1089
1.647,15.46,0.004359,0.003223,0.02318
1.189,70.01,0.00502,0.03457,0.4146
0.8301,12.64,0.01164,0.01186,0.07161
1.503,22.07,0.007389,0.007302,0.06231
0.9635,155.8,0.006428,0.04497,0.582
1.041,83.5,0.007959,0.04257,0.3158
2.324,29.96,0.006307,0.0385,0.3064
0.8561,49.0,0.00486,0.02602,0.3241
0.6612,27.19,0.00647,0.0181,0.1533
0.6745,9.006,0.003265,0.006493,0.06243
1.642,16.39,0.006663,0.0888,0.7436
1.057,39.93,0.004351,0.03371,0.1359
1.802,60.41,0.01061,0.03915,0.3458
2.612,23.22,0.01604,0.01865,0.1181
1.601,13.56,0.006261,0.03079,0.2298
0.4402,16.35,0.005501,0.08158,0.7727
1.493,16.64,0.007189,0.01081,0.1125
1.038,18.62,0.006662,0.02105,0.1804
0.8208,137.9,0.005283,0.09518,0.6991
0.8429,26.99,0.00638,0.01245,0.08105
0.78,92.81,0.008482,0.068,0.8489
0.8568,33.63,0.004757,0.02332,0.3378
0.6342,71.0,0.004649,0.02749,0.4317
0.8098,35.74,0.006351,0.03119,0.3209
1.199,106.4,0.006356,0.03863,0.4251
1.059,59.46,0.01015,0.04983,0.4429
2.454,138.5,0.01236,0.08232,0.6181
1.278,23.02,0.005345,0.02889,0.5703
1.033,52.34,0.005043,0.02117,0.3788
1.317,44.41,0.005726,0.01246,0.1211
1.633,90.94,0.006717,0.04638,0.2298
0.9988,22.18,0.002826,0.01311,0.226
0.7383,45.42,0.004493,0.02048,0.3889
1.617,199.7,0.004551,0.02143,0.3442
1.197,27.1,0.00747,0.03354,0.1916
1.916,26.76,0.005436,0.03099,0.1453
1.219,18.24,0.005518,0.02589,0.1992
1.489,20.74,0.008902,0.07339,0.2534
0.7198,10.77,0.003492,0.004826,0.03866
0.5293,13.17,0.006472,0.01282,0.1275
1.352,156.8,0.005687,0.06329,0.5807
1.409,16.39,0.0138,0.008347,0.04043
1.433,45.81,0.005444,0.01622,0.208
2.293,48.84,0.01418,0.01267,0.07153
1.28,17.09,0.008426,0.001487,0.004955
0.828,36.74,0.007571,0.02623,0.221
1.166,22.22,0.003741,0.01065,0.106
0.9195,19.41,0.004235,0.01457,0.1456
1.001,69.65,0.007392,0.03988,0.5754
1.268,37.83,0.008034,0.01514,0.06735
0.9951,53.16,0.005654,0.03059,0.4316
0.9173,28.09,0.004563,0.03872,0.5026
1.389,23.29,0.006418,0.07927,0.3344
1.35,22.45,0.006383,0.00186,0.005579
1.39,21.91,0.006719,0.04387,0.2365
0.469,12.68,0.004731,0.01652,0.1186
1.905,34.68,0.01574,0.08099,0.1546
1.974,17.49,0.006538,0.01376,0.07529
1.77,77.11,0.007762,0.0996,0.222
0.948,24.87,0.005332,0.01536,0.1804
0.7636,17.67,0.008725,0.02335,0.2241
1.238,13.88,0.007595,0.01412,0.1316
0.6931,13.38,0.006064,0.006564,0.05233
0.6946,17.74,0.004348,0.004272,0.03732
1.027,11.09,0.003478,0.01072,0.02884
2.105,49.11,0.005596,0.01272,0.0612
0.669,20.56,0.003169,0.01079,0.1565
1.143,20.56,0.01017,0.01861,0.04158
1.161,133.0,0.006056,0.05638,0.6121
1.04,28.32,0.00653,0.04712,0.1904
1.743,130.8,0.007964,0.07649,0.4932
1.563,10.08,0.008875,0.01808,0.08423
1.059,22.93,0.006652,0.02221,0.1226
1.786,18.21,0.006122,0.01596,0.07239
0.5735,15.5,0.003632,0.001128,0.0112
1.305,9.789,0.007389,0.003681,0.01472
0.6864,20.39,0.003338,0.00203,0.01379
0.8285,33.01,0.004148,0.002831,0.01824
1.43,11.28,0.006064,0.01042,0.07915
0.9115,28.9,0.005031,0.005325,0.04746
0.6594,25.18,0.006494,0.03137,0.1769
0.3602,9.438,0.004124,0.01003,0.08324
2.777,17.81,0.02075,0.0,0.0
0.7151,12.69,0.004928,0.00262,0.01938
0.5996,15.82,0.005343,0.01123,0.04116
0.5503,48.9,0.004821,0.02408,0.3853
1.911,24.2,0.009845,0.1027,0.4609
2.2,31.16,0.007357,0.009959,0.02237
1.471,22.68,0.01049,0.04004,0.1898
0.6863,74.85,0.004536,0.02645,0.2606
1.042,16.57,0.00591,0.01902,0.1791
1.023,69.06,0.005485,0.0319,0.5344
0.8073,19.01,0.005403,0.01051,0.1167
0.9505,17.61,0.006809,0.01329,0.102
1.081,23.92,0.006692,0.005717,0.05307
0.9097,16.97,0.004729,0.001184,0.007732
1.232,44.41,0.006697,0.03248,0.3597
1.457,57.72,0.01056,0.05839,0.3344
0.7476,33.27,0.005839,0.03715,0.4956
0.5664,20.65,0.005727,0.04393,0.3439
1.966,19.62,0.01289,0.003297,0.01335
0.9961,15.07,0.005617,0.0009737,0.005518
1.532,13.24,0.007881,0.007004,0.03619
2.129,87.17,0.006455,0.04502,0.392
0.6412,14.41,0.005231,0.03113,0.145
1.53,88.25,0.007548,0.03914,0.4634
2.015,16.85,0.007803,0.0169,0.1055
0.9245,164.1,0.006292,0.03582,0.4819
0.7706,32.14,0.004577,0.0384,0.3755
0.9429,12.07,0.005954,0.05028,0.4341
0.8225,10.8,0.007416,0.02758,0.2299
2.284,67.66,0.004756,0.04345,0.4734
0.7395,24.53,0.009536,0.01651,0.1087
2.509,19.33,0.01736,0.02611,0.07162
1.152,18.02,0.00718,0.005832,0.04506
0.3981,29.06,0.004732,0.01855,0.2151
0.7615,12.25,0.009191,0.0094,0.09823
1.05,26.65,0.0058,0.007816,0.03122
0.6724,26.03,0.006583,0.005949,0.03046
1.324,51.22,0.009329,0.09953,0.6872
0.8509,153.1,0.006369,0.04266,0.6451
1.506,63.37,0.01052,0.04912,0.4029
0.8092,28.84,0.005541,0.04505,0.1201
1.478,27.49,0.009853,0.06271,0.2388
1.51,21.57,0.007807,0.05112,0.2573
1.363,20.74,0.005638,0.005254,0.05285
1.2,30.18,0.01093,0.03214,0.09441
1.247,30.48,0.006836,0.02348,0.1144
0.9527,28.3,0.005783,0.0007929,0.003581
1.539,20.98,0.005498,0.01795,0.1212
1.285,17.26,0.005608,0.01529,0.1255
1.439,33.58,0.007257,0.01832,0.1663
0.6124,13.22,0.004394,0.01451,0.1364
0.9168,72.44,0.006208,0.02375,0.2702
1.892,103.6,0.008439,0.05904,0.3703
0.7786,18.57,0.005833,0.02,0.2413
1.051,224.1,0.005568,0.02096,0.2861
0.6999,130.2,0.003978,0.03576,0.4756
1.022,45.5,0.005635,0.06072,0.7087
0.4125,17.72,0.005012,0.01551,0.1362
1.309,39.06,0.004426,0.03437,0.4024
0.6575,77.02,0.006211,0.02681,0.4159
0.5066,14.0,0.00423,0.01169,0.1346
0.489,14.91,0.00451,0.01951,0.2114
1.231,7.228,0.008499,0.1535,0.603
1.15,14.91,0.004942,0.007508,0.07934
0.5417,11.35,0.005212,0.02443,0.2569
1.027,13.99,0.007405,0.04588,0.8402
0.9858,16.04,0.006635,0.02101,0.2247
1.031,11.68,0.005296,0.01723,0.1553
1.434,9.549,0.005042,0.04305,0.2912
0.873,19.2,0.006715,0.04757,0.3206
0.5308,15.26,0.004271,0.02828,0.2866
1.627,33.01,0.008312,0.03389,0.2675
0.8309,19.96,0.004405,0.04344,0.3076
0.6218,23.12,0.003728,0.01988,0.1091
1.067,22.97,0.01038,0.09472,0.3021
2.836,70.1,0.01124,0.07469,0.3829
0.5477,11.88,0.005682,0.008496,0.08615
2.079,28.85,0.01582,0.0,0.0
1.331,66.91,0.007269,0.04972,0.5553
0.9209,80.99,0.005215,0.04718,0.7053
1.652,22.22,0.008146,0.01843,0.1603
1.685,12.67,0.005371,0.01132,0.0846
1.332,19.29,0.005442,0.03304,0.3438
1.265,30.57,0.005421,0.04545,0.1901
0.6881,12.98,0.004259,0.0194,0.2079
1.14,25.06,0.005463,0.02079,0.1449
0.7747,41.51,0.007159,0.06165,0.9034
1.045,18.95,0.006175,0.01376,0.1514
1.299,20.21,0.003629,0.03452,0.1604
0.905,11.36,0.002887,0.01613,0.181
0.9078,30.15,0.007702,0.01307,0.04921
1.743,25.78,0.009519,0.0199,0.1412
0.6372,21.83,0.003958,0.01831,0.231
1.798,41.24,0.006011,0.05175,0.1838
0.8733,49.81,0.007231,0.02509,0.3301
1.781,25.79,0.005888,0.02059,0.1377
1.555,13.66,0.005391,0.01163,0.1811
1.387,13.54,0.005158,0.01056,0.1067
1.182,6.802,0.005515,0.03735,0.1868
1.336,28.51,0.004449,0.03312,0.3114
1.627,45.38,0.006831,0.02489,0.1547
1.203,19.53,0.009895,0.0163,0.1164
2.878,25.17,0.01474,0.01367,0.06141
1.213,176.5,0.008198,0.04493,0.4211
0.6457,17.37,0.006131,0.009075,0.09385
1.678,18.99,0.006908,0.006972,0.03582
1.44,20.3,0.007278,0.04447,0.256
1.511,49.45,0.009976,0.05278,0.3219
0.7339,15.89,0.005884,0.02631,0.2302
0.895,19.36,0.00398,0.03669,0.366
1.747,43.52,0.01307,0.006021,0.02085
1.341,11.6,0.005724,0.002074,0.01235
1.127,20.77,0.007364,0.05263,0.2939
1.621,20.2,0.006543,0.02991,0.1927
0.9671,9.704,0.005883,0.009398,0.0458
0.8836,23.24,0.007337,0.005383,0.03469
0.8749,24.19,0.006965,0.07926,0.9019
1.46,15.43,0.01,0.04861,0.2403
1.001,52.49,0.009087,0.05546,0.5308
1.931,103.9,0.008074,0.05321,0.3912
0.6683,23.92,0.005756,0.01461,0.122
0.9533,18.85,0.005314,0.02185,0.4069
0.7693,26.5,0.00591,0.007066,0.07127
1.046,32.74,0.007976,0.01608,0.1117
1.678,29.63,0.005836,0.005812,0.04753
0.6549,19.25,0.004837,0.009213,0.0626
1.376,18.15,0.008565,0.0643,0.4779
1.679,58.38,0.008109,0.04942,0.5036
0.4833,29.34,0.006432,0.007741,0.03517
2.542,13.12,0.01072,0.01993,0.03986
0.5906,35.77,0.004117,0.02975,0.429
1.204,19.39,0.00832,0.02334,0.1609
1.077,43.95,0.004714,0.03697,0.6399
0.6221,19.75,0.004796,0.01758,0.206
1.354,23.04,0.004147,0.03379,0.3779
1.361,81.89,0.005467,0.03185,0.4399
1.554,20.24,0.006854,0.06663,0.3218
1.375,56.18,0.0119,0.04907,0.3977
1.705,13.86,0.007334,0.02941,0.1811
0.7213,25.7,0.006133,0.01615,0.1373
0.6674,13.32,0.003888,0.01256,0.1887
1.924,28.93,0.005841,0.007936,0.07003
2.426,23.13,0.009861,0.04275,0.2923
1.35,17.58,0.005768,0.0151,0.139
1.232,21.19,0.006054,0.005681,0.04462
1.687,11.28,0.006588,0.0145,0.0719
1.152,115.2,0.00874,0.02721,0.2639
1.306,542.2,0.00765,0.08055,0.6833
0.9112,20.52,0.005356,0.01971,0.1472
0.7656,12.89,0.006709,0.0208,0.186
0.685,16.89,0.005969,0.01564,0.1876
0.8135,23.81,0.004929,0.07683,0.6556
0.7884,27.4,0.007295,0.04615,0.4504
1.312,20.98,0.01098,0.01031,0.06409
1.465,104.9,0.006766,0.06591,0.5165
1.74,27.85,0.01459,0.04961,0.3186
1.35,22.73,0.007501,0.02714,0.1277
2.643,44.96,0.007517,0.01465,0.05524
0.4334,23.31,0.003271,0.0231,0.3151
3.647,35.13,0.007339,0.0,0.0
0.538,9.597,0.004474,0.02757,0.3365
0.4875,11.64,0.004873,0.03318,0.3476
1.018,31.01,0.004107,0.02821,0.2512
0.5762,14.03,0.003308,0.009904,0.1384
1.166,14.34,0.004957,0.04156,0.2596
0.9857,33.12,0.009197,0.08079,0.5897
1.19,16.26,0.004911,0.01397,0.162
0.9264,28.41,0.003704,0.0153,0.1673
0.5733,12.84,0.00445,0.01334,0.1848
0.9462,20.64,0.003245,0.01698,0.1742
0.3871,13.87,0.006034,0.03336,0.4004
1.207,30.19,0.007234,0.1114,0.4896
1.006,19.98,0.003535,0.018,0.2437
1.408,67.74,0.005288,0.04256,0.5936
1.154,27.57,0.008998,0.01851,0.149
0.5679,22.95,0.002667,0.01423,0.2477
1.139,18.04,0.005096,0.00941,0.123
1.046,50.95,0.004369,0.01153,0.1048
1.288,89.74,0.007997,0.03737,0.2544
1.486,24.6,0.01039,0.006416,0.01674
1.473,26.07,0.007802,0.01341,0.07698
1.636,21.84,0.005415,0.02153,0.17
0.6332,18.4,0.005704,0.02636,0.3582
0.781,11.91,0.003796,0.01346,0.2028
1.045,95.77,0.007974,0.04435,0.3533
1.216,75.09,0.006666,0.04062,0.5179
0.8423,34.84,0.004123,0.01996,0.1856
1.528,39.05,0.00968,0.03476,0.3381
1.095,18.49,0.009702,0.02575,0.1889
0.7452,180.2,0.005753,0.03976,0.3794
1.093,20.04,0.009783,0.03483,0.2099
1.39,17.67,0.02177,0.05189,0.2913
0.7959,12.58,0.006272,0.03966,0.3535
1.03,12.3,0.01262,0.018,0.1256
0.4706,20.67,0.007394,0.0247,0.1947
1.961,32.52,0.009538,0.06019,0.5911
0.6417,13.04,0.006982,0.04017,0.269
0.6232,20.72,0.006708,0.01482,0.1101
0.9306,33.67,0.005414,0.03452,0.5106
0.6237,37.11,0.004953,0.03035,0.2492
1.198,38.49,0.004952,0.02967,0.2866
1.01,18.19,0.008577,0.02099,0.1624
0.9225,67.36,0.006176,0.02913,0.3759
0.8737,59.7,0.005089,0.03052,0.4185
1.169,34.37,0.005273,0.01405,0.1246
1.003,28.62,0.007509,0.01977,0.1423
1.13,19.63,0.01546,0.02197,0.09996
0.9004,139.9,0.004989,0.03571,0.4658
1.083,9.332,0.0042,0.003846,0.02533
1.249,26.45,0.006739,0.02086,0.1935
1.216,15.24,0.008732,0.01062,0.08434
0.6793,7.254,0.007897,0.01801,0.1754
0.6068,16.07,0.004413,0.01509,0.2654
0.4957,8.955,0.003681,0.008732,0.1791
2.635,44.74,0.01004,0.04763,0.1559
0.504,18.54,0.007327,0.01798,0.1622
1.907,30.66,0.006587,0.01737,0.1366
0.8745,15.34,0.005251,0.0184,0.2758
0.4801,17.25,0.003828,0.007078,0.1206
1.736,100.4,0.004938,0.04093,0.3092
1.583,10.09,0.009501,0.04401,0.2123
0.9901,87.78,0.004578,0.04005,0.4433
1.851,18.54,0.006113,0.04645,0.4234
1.978,20.95,0.01288,0.01865,0.1395
1.462,19.14,0.01266,0.0,0.0
1.479,11.73,0.01547,0.09252,0.3393
1.768,20.86,0.01215,0.05553,0.1797
1.079,23.11,0.007138,0.03829,0.404
1.385,27.41,0.004775,0.01947,0.1611
1.597,17.85,0.004973,0.01498,0.1062
1.047,23.12,0.006298,0.02615,0.1377
1.336,31.24,0.005868,0.02021,0.1049
0.967,12.97,0.007086,0.01012,0.04384
1.023,7.326,0.01027,0.02613,0.1783
1.363,18.24,0.00744,0.02337,0.0935
1.918,33.0,0.008263,0.01277,0.06194
1.304,20.67,0.009579,0.0,0.0
1.467,17.85,0.003495,0.03445,0.1564
1.367,18.76,0.008835,0.01328,0.08653
1.879,17.86,0.01094,0.03996,0.07993
1.36,16.83,0.008412,0.03898,0.2439
2.239,14.46,0.01205,0.04804,0.2
2.09,16.8,0.01291,0.004174,0.01005
2.927,29.11,0.01159,0.0,0.0
1.108,19.54,0.004242,0.06578,0.3662
2.904,16.97,0.0082,0.05738,0.363
1.492,29.84,0.007256,0.02071,0.1326
3.896,22.81,0.007594,0.0,0.0
1.205,22.65,0.004625,0.07359,1.17
1.026,118.8,0.006399,0.07845,0.6599
1.256,158.7,0.0103,0.05198,0.4107
2.463,99.04,0.005769,0.0395,0.3215
1.075,48.55,0.005903,0.0473,0.3403
1.595,86.22,0.006522,0.07117,0.9387
1.428,19.15,0.007189,0.0,0.0
1.0128065988516766,41.038160446445104,0.005855011556679356,0.03951869038580788,0.6478570414475657
0.9769218591839897,33.20762209525963,0.008594319297514206,0.07341859209515787,0.5770983495726603
0.8799310308116045,33.5384807935305,0.005553755444557982,0.03363295842314126,0.38300331001895394
1.399287434689157,67.77485026124337,0.007884344462631147,0.049408076334322426,0.5632802727182671
0.9542300179049875,155.57771801370754,0.006423142726966201,0.04477982541172754,0.5871948123463169
1.4949325998372216,39.05150992694807,0.008886684381482933,0.03470111284902519,0.34780883027610343
1.233744210771047,107.39676014507103,0.006123327703279135,0.03521538453159955,0.4178094115103376
0.943069573730698,79.88680854229615,0.008927727738796892,0.03607191302142159,0.39674753622679276
1.677728595097335,58.37622014758667,0.008123036997371314,0.049471371630526596,0.5026309832904013
0.5907022373234321,23.123401044284655,0.003555680351958853,0.015686568771991097,0.2607917788434914
0.7005904885054202,136.52134855481614,0.00646463770640436,0.0735663031496982,0.5565652296188945
1.2688846871247164,23.019101433739937,0.005310623422222208,0.028701814551821348,0.566158893207201
1.264732809515027,52.555294452301894,0.009012337213237404,0.048550143612921676,0.5120065532939777
1.0230540136624204,69.55075693851911,0.006525277263066875,0.04133556490171975,0.6201696477347136
0.7844469336185804,19.365869801081065,0.004658764402007941,0.02902427744834299,0.5476339395542009
1.5543294171735496,129.287754870475,0.005563850944425343,0.04379670053312649,0.5225807625164854
0.8026510005911002,75.13396639872727,0.004722928874393977,0.032966182593311175,0.25926479375432876
1.2117584807020005,158.2613661334557,0.009714348161634688,0.0509197160674223,0.43660964873759767
0.8886733063496421,74.94169264399454,0.005349772215451648,0.03186368652251167,0.3589021554158258
1.0999619679487886,45.403721752314674,0.005444463577207458,0.02227467680730748,0.29359085980240096
1.2284494238796853,45.562929364514716,0.005576302340292118,0.024480926247757887,0.34066099121459725
1.143884877504047,32.46454554472761,0.005850287804588732,0.05453360694011608,0.7176523389889431
1.1336750378230045,69.69338124055335,0.005174976550676524,0.03368013464450254,0.45452729198074737
1.3077486764645463,44.41,0.005831682766505005,0.014638958790350352,0.1470690093595202
1.3970623460819023,67.72106175371958,0.007980676049382962,0.047183754476966135,0.5149981669688711
0.98770716148788,54.1318052703844,0.0051797560553713635,0.025774063942378977,0.3841955570648827
1.5800375976637038,17.534300303385375,0.00736275803063384,0.033318252369044746,0.4098839085359436
0.8622035410163447,29.068687100367562,0.008419027175448197,0.04349744295660907,0.34456015712583066
0.9655915510997113,41.13303091458712,0.006777775199282879,0.02877103055017016,0.44765153997540397
1.3602754651807922,81.14343200703836,0.004708727634318483,0.03870436661405282,0.3200129524368123
1.2820347159499976,44.41,0.006125426950735908,0.02069535278448289,0.2192496091097711
1.6519621315173492,104.5600895813568,0.006978251294947698,0.052459898203003626,0.5244780872903155
0.9430539593044867,37.284174131845546,0.006756604542112295,0.027299690864884957,0.24139875602803873
1.0398635949559127,22.273597912848103,0.0031842609472632734,0.02515425908309215,0.4139924036778933
1.4163394125113093,80.8778659407359,0.005569920449327855,0.03350264398203341,0.31790528524393574
2.136698802095764,67.54407565747306,0.0051444238303602775,0.044419127503525245,0.4860589382039422
0.8512741055464709,81.52353597288912,0.004432378304854398,0.037704902014538945,0.6428188019886061
0.9454670639167289,33.70542566873824,0.005161225713571224,0.024652520147708874,0.3475494660702389
1.0443564735187463,24.13149410526214,0.007008060338527067,0.07883173685051884,0.9494301888850398
0.7215790867879927,32.016964068728726,0.005397169158827605,0.029368909994429804,0.48345878113555674
0.902826531175052,28.347094512022103,0.005575952377367089,0.039975002099426414,0.46108399731791216
1.0072977196118447,15.690924781950931,0.005632725573434149,0.02005490736197546,0.3870851939788518
0.7597201797164141,44.4728638070114,0.005228528297044554,0.04156210821810014,0.596782680262393
1.0422549215871617,74.726003880529,0.006146674843408214,0.03268416381113732,0.4183236358318456
1.292886963193251,66.95198498546642,0.007167023135300424,0.047798953664991525,0.5385619857940495
1.8661612854918928,67.33116575458438,0.0058578139449725845,0.046199054291674535,0.5093086995993851
1.2347522497490289,33.07728091771028,0.008853305565214579,0.0625761367328404,0.4645719244204942
0.992517706699585,95.41618678673878,0.007603106148857199,0.04312385420921541,0.37304440402739364
1.3995122534278857,119.80047925025326,0.007872205695997933,0.060816553214286195,0.649645087684904
0.8267408343090841,31.117855070477507,0.005611903233335022,0.024483291029945866,0.3572182776534709
1.7839102672270124,39.36722380746079,0.007041829556884337,0.042302381663256144,0.34459993985046455
0.915475535988284,24.23150133499982,0.006571056558540185,0.06529958938813801,0.7860474271428146
0.8275826693814234,61.096349148816934,0.005670125679599957,0.03446839913535198,0.25395756977953987
0.6612716194477872,17.79337365450304,0.005693901653890244,0.03295860473668835,0.5570879478369923
1.1939768210551394,54.05988117058355,0.004450309100655829,0.02418381500096029,0.26089911959235595
1.314779361109125,89.80671990993058,0.008006596699373578,0.037008981309279716,0.2610537115656802
1.1908637395024368,43.62725483442861,0.004981318216352303,0.026166399426687473,0.3971594936139736
0.9444423036607028,24.517277896377205,0.006267151902680769,0.036784860334552465,0.5078893971739238
0.8080199696601398,96.37313899979951,0.004527657096614764,0.023682754816050738,0.29133768215262174
0.7594717319925505,35.45206228617817,0.005472587199805515,0.029344765355085452,0.40464526465381406
0.5431886444133107,29.01599041327933,0.0041611321914764455,0.01987757882727342,0.3410258911559051
0.9332059013765748,48.4322878461791,0.006068287482656846,0.03789774171355565,0.35933013153437876
1.0473454395740707,94.09368687356572,0.006286068086780834,0.026304398859479813,0.3349700907028957
1.2793251968474793,24.788472266827956,0.005589531538628469,0.047088231383865316,0.47497793998771964
0.6410217422220534,19.42699683422778,0.0039960398817477675,0.01985624686041108,0.48819566603405373
0.8197559985867718,72.10312141521246,0.006240922225331509,0.03591973887544979,0.44794173513278823
1.5369959658867591,45.38465137127201,0.0065721511887130825,0.02374808835272348,0.18649212264413445
1.872885103829456,52.70585960589965,0.008840169233253878,0.03261642257566312,0.4686699743019268
1.2554579489304594,22.952180075578745,0.0051416209647415015,0.02761595427694359,0.5425019047878124
1.2730657982623248,59.13256382831585,0.017536678367670356,0.08291513661630046,0.3856514822410296
1.3439699872973532,98.48557495970343,0.004240660120562323,0.028186897137515446,0.30707741441593256
1.359139820871188,19.861980482921986,0.0073997230959371675,0.02318838557266082,0.22112716421010445
1.0652638852332224,40.99412268579446,0.0052791742179939104,0.03543508286166802,0.5764668410537634
1.2044888772591604,89.19054783292364,0.007038542367737731,0.03812129173865542,0.307354854265675
1.1811499701170927,22.656426663728062,0.005753688557105373,0.03737973475226471,0.4479587751015433
1.4659343942028935,104.99343942028935,0.006281983802901196,0.05287520086963644,0.6069493588400854
1.7422633181621348,26.994407717124293,0.007604152127143694,0.033851682678511984,0.3407350756267505
1.004187586875285,59.5309928718291,0.008652937815303928,0.044118031854083944,0.43568239136404185
1.3904380375627805,110.68609099127677,0.006667914006916905,0.038977261390871404,0.3936479892871619
0.7521551892105685,19.537239840656124,0.004056581836558218,0.01941666030502807,0.4632151577052878
1.5721951105961915,86.27881241109264,0.006448710687715319,0.06999676779922875,0.9200232894517328
0.8162499269438543,96.12634700791509,0.00441503304699692,0.0240073601365742,0.2995606581994058
0.7880247242560096,94.24433424501312,0.0059689830584196074,0.036661562252695463,0.4311205285550075
1.5736131255610681,198.72954341413262,0.004610819939292953,0.022342229190715324,0.34595179855500163
1.0444274884893971,92.0375152021658,0.008356553750779063,0.0565843913208947,0.676675504687992
0.5982909477972775,135.34810188002797,0.007470223646698608,0.05517282302237398,0.43526666211256915
1.329871267782148,89.4821975661347,0.007919313226305024,0.037676248528819845,0.29056154944821877
1.3228223062798596,74.85500524747852,0.006348505918037997,0.041013600737180446,0.2711242806545278
1.0464174805458766,96.38424156987985,0.006123242900600463,0.04243167632791368,0.508136124961253
1.4613041554517214,60.149422546989896,0.008583735044973558,0.035982699409187066,0.37248166314624565
0.9029282205661497,19.336437436024404,0.005188727775998134,0.04028398987303297,0.5633977420159867
0.9068119182307589,36.689560372332316,0.008263914385084833,0.033884213498571306,0.224530773936738
1.9772295143642156,98.91157791759055,0.004724872634323084,0.03317381654913398,0.288445272701565
0.8668317367790364,59.887804072448226,0.005161170422126532,0.030996217469422285,0.3957488780805578
0.9900535919214727,53.6547458900517,0.005711885269136049,0.029264081014661443,0.41423441925918536
1.5875738879508243,26.994031543278687,0.008423828566639337,0.04207931082295067,0.4586936635655713
1.2350209826471956,18.530219450343715,0.0057481854978205845,0.038645121374284885,0.46232658763201273
1.1686888766045138,370.91110450155224,0.006528895063100382,0.04846227512495283,0.4694177324992661
1.3473142115628793,130.4964027821238,0.005226319526634053,0.041655354967421204,0.5666276877404348
1.8499198170769664,117.95728106829264,0.005342360108705386,0.08183708186013151,0.5639596908517773
0.9478348702900473,61.00997270820917,0.00669044738427919,0.043894228216674415,0.37361593265898535
1.0109006634344295,93.59519533963292,0.005984014148320321,0.03416340422005549,0.49396508969474134
0.9097932623276807,76.14815399052387,0.006416538826068209,0.03304844217143289,0.46197683573397214
0.9362561986859583,36.176031285484015,0.006273084971033965,0.029738230977232348,0.41334719971902195
1.1732237596475554,59.740362669603286,0.00906464500933913,0.06440108917885357,0.7131861675066128
0.9394039303678914,18.870645242188846,0.0052525500438379115,0.021725217727358605,0.40556716745280846
1.0028554596114088,53.26553000241454,0.00564105764121331,0.030238565180638347,0.4271099970670792
2.0977747020577873,31.686784096157005,0.008104247611365427,0.11292226131338425,0.8269144100234507
1.0715131501891841,40.79010392871893,0.004905725296890259,0.025194462950326735,0.35807872600459123
1.076946535645321,19.056364176320425,0.005953155712770203,0.04085843357440354,0.5716474007624721
1.0496965652490369,155.848113466785,0.008298077506773548,0.04723364598400648,0.5300718220331418
1.882447262237485,103.65494937651003,0.00835906979155347,0.06065424360686038,0.3852589110360798
1.2915976269553218,35.223942989461634,0.006751070675299234,0.02344063189074443,0.3052119839705314
1.2470611549368846,22.863186675707496,0.0050398497473226975,0.04783474485371586,0.8244647312924699
1.463051992403551,57.74334339927084,0.011152807065433548,0.06085143176755854,0.33284089148079943
1.3629363446756677,105.54040867960325,0.006289688669569393,0.046814537357777714,0.5406536332133358
1.2822877061980922,76.26932581007118,0.005517870338627943,0.05940980128422154,0.25302674435958206
1.6757521316130253,58.42059835483719,0.014339764844712277,0.07496448486355696,0.44316258243237694
1.3150681739257133,84.84560547486993,0.007248104754636733,0.05671864580194116,0.6239535479031171
0.9515830003359721,52.79804275470992,0.00805158586744335,0.04831861444714751,0.49773963674803406
1.3882925848149719,45.755999225765215,0.0054729165436225,0.018025542015947072,0.2369949318431636
1.764116991402169,59.88244402841539,0.01636821730687031,0.06851634703528157,0.3274197254580894
0.9051002350660209,153.50020129663596,0.0062952331664038585,0.04489139263502696,0.6381343341882822
1.166724396428659,69.88251913618811,0.005082398528076347,0.034211711677497106,0.4306760078785943
0.9836831188079999,21.084995144425637,0.004401644155012316,0.02638572258528212,0.5437452142856939
0.9685798031433703,24.658073964352717,0.00625833833437305,0.05903530412359298,0.6527156242550045
1.2546776158692126,123.75614735122613,0.006610844205367839,0.03813302606300521,0.4007297343756731
1.1088084147660109,50.34769044467126,0.007966934573837008,0.024991813049233945,0.30097120460607013
0.65155533759984,135.95897723477435,0.006946644350711155,0.06474977213226867,0.4984232915307018
1.2027267907414192,76.4642475955377,0.005637564564486631,0.055683863559109294,0.2791512265383684
1.3452729795501701,51.115641987112376,0.009118678466334169,0.06956720899207183,0.5188624976728055
1.888871335358378,103.82008112398609,0.007981750783115363,0.051853662504220945,0.3910116197922529
1.4526819362808352,60.14282793790735,0.008532454993220393,0.03590254240019779,0.37315691396357137
1.5058984728930978,51.67024374478489,0.009177417939255753,0.07899588361284354,0.6203838282739216
0.8518620032886087,40.715491525296834,0.005954081971076303,0.026066924489932076,0.3372873342423748
1.1018599352930734,121.45509773525757,0.006591020461210593,0.05759325904036061,0.5185160455975344
0.8767976114029494,54.01712227996969,0.004732122447623645,0.02410191195310651,0.3811990015088856
1.095198865426598,60.30669230195467,0.0075146457035557964,0.05213060449647788,0.5722515583749934
0.8971984753455973,121.73365717643473,0.008164357652336633,0.03915485461874826,0.2909634933277685
0.8293725259811812,30.81456865216876,0.006383759144480567,0.028247893873079858,0.3440919130938648
1.3998395866855107,131.95106218302556,0.007957093626901847,0.06788293252642652,0.46022206845631825
1.152858215990091,110.63105123482569,0.0067525450498106465,0.03184508479195892,0.39257938164365014
0.9269961526429107,31.387819646454272,0.005417805962447671,0.02893513052320439,0.4152798395794201
1.0279689719907912,44.605282377497325,0.0067329319574595085,0.04497026086472914,0.46546493565255315
0.9006820288126213,40.78630984214777,0.005760249564382605,0.025420433192393427,0.33715049426337834
